Dataset	Pearson Cor	Pearson p-value	Spearman Cor	Spearman p-value	Out-Of-Vocabulary words ratio	Epoch
wordsim353	0.20320197971225887	0.00022628364237467955	0.1562188685389545	0.004760992251441287	7.932011331444759	5
SimLexScores_lemmatized	0.20170658777054434	3.04344291961184e-10	0.2050851060148515	1.5106720206210775e-10	4.2042042042042045	5
MayoTerms_lemmatized	0.5687074552858263	1.1581554631258285e-06	0.5760004297167981	7.838609893706764e-07	37.62376237623762	5
UMNSRS_relatedness_Terms_lemmatized	0.6227395731105201	5.730865783642264e-33	0.6291169112968428	8.347453649013761e-34	49.91482112436116	5
UMNSRS_similarity_Terms_lemmatized	0.6680402140712749	2.8795150395559928e-40	0.6659274438850534	6.170295914473288e-40	46.81978798586572	5
