Dataset	Pearson Cor	Pearson p-value	Spearman Cor	Spearman p-value	Out-Of-Vocabulary words ratio
wordsim353	0.4516820996778963	8.496184505011223e-19	0.43873893357718374	1.0358394590311957e-17	1.9830028328611897
SimLexScores	0.3064511928513586	7.314747868042741e-23	0.31008338431794763	2.1428087651278388e-23	1.4014014014014013
MayoTerms	0.5986041379519699	0.0002955311361722132	0.6319297772068311	0.0001047205298845217	68.31683168316832
UMNSRS_relatedness_Terms	0.621241875157736	1.3438052605012151e-44	0.6229166582931757	6.756571868346821e-45	31.005110732538334
UMNSRS_similarity_Terms	0.6658940913706454	1.7512480974891944e-53	0.6518599636851313	1.3400323104817038e-50	28.091872791519435
