Dataset	Pearson Cor	Pearson p-value	Spearman Cor	Spearman p-value	Out-Of-Vocabulary words ratio	epoch
wordsim353	0.38659325322999344	8.155477877037408e-14	0.3569770840511349	7.2395438274125925e-12	1.69971671388102	3
SimLexScores_lemmatized	0.2918331321804334	8.23879550216951e-21	0.2990898892976397	7.970921857194084e-22	1.3013013013013013	3
MayoTerms_lemmatized	0.6522586536993987	9.282357361669099e-09	0.6595309943071431	5.5594144624478234e-09	38.613861386138616	3
UMNSRS_relatedness_Terms_lemmatized	0.6422351012772807	6.614210068621774e-43	0.643785786198045	3.608687098459074e-43	39.182282793867124	3
UMNSRS_similarity_Terms_lemmatized	0.6867386061020156	4.354731422629738e-52	0.6807085403391943	7.244042341532675e-51	35.68904593639576	3
