Dataset	Pearson Cor	Pearson p-value	Spearman Cor	Spearman p-value	Out-Of-Vocabulary words ratio	Epoch
wordsim353	0.44064026311213744	6.473627215488744e-18	0.42955507134538057	5.168344560318262e-17	1.69971671388102	12
SimLexScores_lemmatized	0.27846384955609477	5.554676764529472e-19	0.2813831713267247	2.301960840737445e-19	1.5015015015015014	12
MayoTerms_lemmatized	0.5135706493622949	0.0008264103598991772	0.5148410205713133	0.0007980178517113415	61.386138613861384	12
UMNSRS_relatedness_Terms_lemmatized	0.6129525694752305	3.2966401775547854e-38	0.6123914178862966	4.01164184853058e-38	39.182282793867124	12
UMNSRS_similarity_Terms_lemmatized	0.648934529506178	1.1915919202150348e-44	0.6425090050598901	1.5596737123125431e-43	36.042402826855124	12
