Dataset	Pearson Cor	Pearson p-value	Spearman Cor	Spearman p-value	Out-Of-Vocabulary words ratio	Epoch
wordsim353	0.4672681861879784	3.194526172638798e-20	0.4660039707866884	4.1547781627488596e-20	1.69971671388102	12
SimLexScores_lemmatized	0.201302136738435	1.866859716317042e-10	0.20825300024934004	4.201408885875839e-11	1.5015015015015014	12
MayoTerms_lemmatized	0.63764977818487	1.2655373703337884e-05	0.6289908329762656	1.7976599761906763e-05	61.386138613861384	12
UMNSRS_relatedness_Terms_lemmatized	0.5940400124826932	1.9947385673351787e-35	0.5870778119310364	1.8981661764175023e-34	39.182282793867124	12
UMNSRS_similarity_Terms_lemmatized	0.6385378400399125	7.413982897353873e-43	0.6194214854604448	9.87061188850097e-40	36.042402826855124	12
