Dataset	Pearson Cor	Pearson p-value	Spearman Cor	Spearman p-value	Out-Of-Vocabulary words ratio	Epoch
wordsim353	0.44390683653167073	1.7755350558084475e-18	0.4260459910560641	5.339539230005221e-17	0.0	20
SimLexScores_lemmatized	0.2858402051348145	3.0784331610115173e-20	0.28837660587570735	1.3833752710506516e-20	0.0	20
MayoTerms_lemmatized	0.5093380020532681	0.00021796236585045872	0.5317753509000473	0.00010042048550697008	52.475247524752476	20
UMNSRS_relatedness_Terms_lemmatized	0.6187388437039283	2.037051985597999e-59	0.6192034638620424	1.5766192886515182e-59	6.303236797274275	20
UMNSRS_similarity_Terms_lemmatized	0.6577299872420256	5.73593003070964e-68	0.6437616732211905	2.7453687496637103e-64	4.946996466431095	20
