Dataset	Pearson Cor	Pearson p-value	Spearman Cor	Spearman p-value	Out-Of-Vocabulary words ratio	Epoch
wordsim353	0.4432539233465297	3.922575327163493e-18	0.43273193347287153	2.8718665853822074e-17	1.69971671388102	20
SimLexScores_lemmatized	0.2860255048616281	5.550069858738848e-20	0.2869750824460121	4.1351626688150524e-20	1.5015015015015014	20
MayoTerms_lemmatized	0.525765688043162	0.0005874576360293936	0.5149424870712288	0.0007957879580081156	61.386138613861384	20
UMNSRS_relatedness_Terms_lemmatized	0.6136680569073426	2.5652282320774456e-38	0.6102574743574681	8.43255128851807e-38	39.182282793867124	20
UMNSRS_similarity_Terms_lemmatized	0.6484049056883212	1.4764182152623375e-44	0.639401083914725	5.293345582095644e-43	36.042402826855124	20
