Dataset	Pearson Cor	Pearson p-value	Spearman Cor	Spearman p-value	Out-Of-Vocabulary words ratio	Epoch
wordsim353	0.48469162285299744	7.622759845749612e-22	0.48336541748071016	1.0206627280819243e-21	1.69971671388102	22
SimLexScores_lemmatized	0.2163378041237527	6.93390758606461e-12	0.229027010577238	3.541114451312772e-13	1.5015015015015014	22
MayoTerms_lemmatized	0.6225252300763133	2.3203484786910493e-05	0.6247292399798139	2.128371061457272e-05	61.386138613861384	22
UMNSRS_relatedness_Terms_lemmatized	0.6161134667933177	1.083071581583552e-38	0.613144707939724	3.082069553717575e-38	39.182282793867124	22
UMNSRS_similarity_Terms_lemmatized	0.6583233757617198	2.4814270857807755e-46	0.6431054094046574	1.231659343928354e-43	36.042402826855124	22
